timestamp,value_0,is_anomaly
1416722400000,11.2771466857925,0.0
1416726000000,88.626737415121,0.0
1416729600000,132.300202215438,0.0
1416733200000,177.134552164938,0.0
1416736800000,120.951458130221,0.0
1416740400000,102.417083974201,0.0
1416744000000,57.426514757078,0.0
1416747600000,20.0182652357085,0.0
1416751200000,-30.202094218738,0.0
1416754800000,-44.3393315141799,0.0
1416758400000,3.8751613936332,0.0
1416762000000,-37.5735621525705,0.0
1416765600000,22.3898206712931,0.0
1416769200000,70.1107938931554,0.0
1416772800000,54.4678277157322,0.0
1416776400000,109.134246561842,0.0
1416780000000,67.6273942093277,0.0
1416783600000,39.200713346718,0.0
1416787200000,-47.2143805139426,0.0
1416790800000,-70.5630494247825,0.0
1416794400000,-37.3679565642176,0.0
1416798000000,-79.7161294095922,0.0
1416801600000,-20.7533249620038,0.0
1416805200000,6.58934718670159,0.0
1416808800000,17.7436378604586,0.0
1416812400000,77.0599303093342,0.0
1416816000000,160.226679648764,0.0
1416819600000,172.965954970058,0.0
1416823200000,216.62640018114,0.0
1416826800000,143.703789771645,0.0
1416830400000,165.672212068126,0.0
1416834000000,295.684945861527,1.0
1416837600000,58.6980451626749,0.0
1416841200000,69.8997958758568,0.0
1416844800000,25.5137872311344,0.0
1416848400000,72.7277413451574,0.0
1416852000000,66.3717514939932,0.0
1416855600000,103.62424263994,0.0
1416859200000,141.525301514525,0.0
1416862800000,111.583818286238,0.0
1416866400000,102.403064578904,0.0
1416870000000,18.9443091750093,0.0
1416873600000,-1.48524545231932,0.0
1416877200000,-10.6226598658914,0.0
1416880800000,-34.7046292198438,0.0
1416884400000,-99.0938109514913,0.0
1416888000000,-50.1375255771683,0.0
1416891600000,0.360132641118444,0.0
1416895200000,110.684348455298,0.0
1416898800000,157.886263884288,0.0
1416902400000,245.433329516158,0.0
1416906000000,224.100334869166,0.0
1416909600000,222.289110751066,0.0
1416913200000,214.163729992267,0.0
1416916800000,192.169252698994,0.0
1416920400000,112.043609291166,0.0
1416924000000,59.5817112884956,0.0
1416927600000,11.4935580056588,0.0
1416931200000,18.0608245519137,0.0
1416934800000,59.7248970984605,0.0
1416938400000,93.5504742920626,0.0
1416942000000,145.517429057162,0.0
1416945600000,123.064301869466,0.0
1416949200000,121.292716083445,0.0
1416952800000,114.567358732211,0.0
1416956400000,45.9298811885903,0.0
1416960000000,55.4096636253295,0.0
1416963600000,-5.16199727295269,0.0
1416967200000,-64.2188888684999,0.0
1416970800000,-54.0735232810291,0.0
1416974400000,-13.1701920255734,0.0
1416978000000,71.7960067647829,0.0
1416981600000,44.2987333171451,0.0
1416985200000,162.143398943655,0.0
1416988800000,229.916243137497,0.0
1416992400000,162.195638364044,0.0
1416996000000,184.531306013408,0.0
1416999600000,193.517800707088,0.0
1417003200000,133.796096283772,0.0
1417006800000,59.6956850564614,0.0
1417010400000,138.562771856326,0.0
1417014000000,46.7780445344187,0.0
1417017600000,54.0188823364382,0.0
1417021200000,11.3895609781748,0.0
1417024800000,66.567185612143,0.0
1417028400000,86.8016694278699,0.0
1417032000000,157.618210389724,0.0
1417035600000,129.675255560669,0.0
1417039200000,142.675766185409,0.0
1417042800000,63.8531442372073,0.0
1417046400000,57.741879020828,0.0
1417050000000,-15.8496103523149,0.0
1417053600000,-69.4582724805356,0.0
1417057200000,-41.5652276241471,0.0
1417060800000,-26.8551210380531,0.0
1417064400000,17.7174219355724,0.0
1417068000000,88.3456991900609,0.0
1417071600000,149.176701157333,0.0
1417075200000,165.375003022002,0.0
1417078800000,222.906235446709,0.0
1417082400000,231.922274553136,0.0
1417086000000,213.416445088552,0.0
1417089600000,146.385085523308,0.0
1417093200000,142.133028898647,0.0
1417096800000,49.9505462266841,0.0
1417100400000,84.1752899709316,0.0
1417104000000,37.4489841066173,0.0
1417107600000,58.5782426230357,0.0
1417111200000,57.9883211484314,0.0
1417114800000,89.760488755144,0.0
1417118400000,160.107043243617,0.0
1417122000000,117.302042800069,0.0
1417125600000,93.3703185120747,0.0
1417129200000,97.6411005368789,0.0
1417132800000,32.3992091138853,0.0
1417136400000,-29.8856655058348,0.0
1417140000000,-58.7032849880067,0.0
1417143600000,-11.7554825080273,0.0
1417147200000,14.7475193866492,0.0
1417150800000,44.8270697467583,0.0
1417154400000,132.588525043099,0.0
1417158000000,158.875812320688,0.0
1417161600000,234.981554779108,0.0
1417165200000,232.056619637359,0.0
1417168800000,235.378318846242,0.0
1417172400000,175.609665417207,0.0
1417176000000,124.272158276844,0.0
1417179600000,103.671612045718,0.0
1417183200000,74.1911807136073,0.0
1417186800000,50.7983931987497,0.0
1417190400000,24.4221216650187,0.0
1417194000000,67.774043179796,0.0
1417197600000,98.2270219657901,0.0
1417201200000,134.585419958247,0.0
1417204800000,144.782082898971,0.0
1417208400000,158.820349475289,0.0
1417212000000,120.12733442921,0.0
1417215600000,61.627651800323,0.0
1417219200000,-10.1897243620435,0.0
1417222800000,18.7002919776745,0.0
1417226400000,13.3469664356358,0.0
1417230000000,-46.9186452309035,0.0
1417233600000,4.49002687277427,0.0
1417237200000,25.6109828136563,0.0
1417240800000,136.739658949507,0.0
1417244400000,213.091660095166,0.0
1417248000000,269.856766797838,0.0
1417251600000,247.489595674191,0.0
1417255200000,269.394342354547,0.0
1417258800000,251.540287531483,0.0
1417262400000,252.538859336784,0.0
1417266000000,160.378445223573,0.0
1417269600000,148.07601326391,0.0
1417273200000,48.2723558090536,0.0
1417276800000,64.2589890298041,0.0
1417280400000,121.437780750548,0.0
1417284000000,150.028308508289,0.0
1417287600000,203.409281245403,0.0
1417291200000,210.823672630714,0.0
1417294800000,225.796517654278,0.0
1417298400000,191.591503412745,0.0
1417302000000,127.770978793917,0.0
1417305600000,132.554746463591,0.0
1417309200000,57.3170040252134,0.0
1417312800000,19.1314035650471,0.0
1417316400000,17.0511840251375,0.0
1417320000000,38.9152820344338,0.0
1417323600000,140.080936727147,0.0
1417327200000,175.431975953783,0.0
1417330800000,249.142162266548,0.0
1417334400000,308.227321044541,0.0
1417338000000,354.163131418741,0.0
1417341600000,289.41190759611,0.0
1417345200000,277.798570925877,0.0
1417348800000,278.036793712386,0.0
1417352400000,211.735403451615,0.0
1417356000000,116.839801159353,0.0
1417359600000,100.597101843159,0.0
1417363200000,76.1412400072838,0.0
1417366800000,193.263830074501,0.0
1417370400000,160.538461062607,0.0
1417374000000,237.506438998346,0.0
1417377600000,227.26396475099,0.0
1417381200000,234.758879492554,0.0
1417384800000,248.267434779373,0.0
1417388400000,213.023076613134,0.0
1417392000000,158.567841723117,0.0
1417395600000,103.226623206481,0.0
1417399200000,102.926394741868,0.0
1417402800000,54.5535185469641,0.0
1417406400000,72.1328993091328,0.0
1417410000000,170.939554996252,0.0
1417413600000,254.693575537067,0.0
1417417200000,299.122738692873,0.0
1417420800000,353.738369525288,0.0
1417424400000,361.029514352364,0.0
1417428000000,323.586726831902,0.0
1417431600000,310.879384448913,0.0
1417435200000,271.678650577285,0.0
1417438800000,274.624473253352,0.0
1417442400000,247.542023052912,0.0
1417446000000,186.406824749095,0.0
1417449600000,180.186134933163,0.0
1417453200000,193.002505222834,0.0
1417456800000,223.233868595966,0.0
1417460400000,312.021590405798,0.0
1417464000000,270.331351489778,0.0
1417467600000,291.358385370527,0.0
1417471200000,253.087212232306,0.0
1417474800000,224.336564806483,0.0
1417478400000,181.682393746041,0.0
1417482000000,150.603561265375,0.0
1417485600000,131.404194554042,0.0
1417489200000,74.5282571857209,0.0
1417492800000,121.75311560897,0.0
1417496400000,178.576132365388,0.0
1417500000000,244.879197628522,0.0
1417503600000,325.390295112228,0.0
1417507200000,379.866715878346,0.0
1417510800000,422.876618164258,0.0
1417514400000,395.446188977679,0.0
1417518000000,353.717668255351,0.0
1417521600000,309.235394820801,0.0
1417525200000,278.207704025234,0.0
1417528800000,254.475093519139,0.0
1417532400000,207.440471099737,0.0
1417536000000,228.839135007656,0.0
1417539600000,237.011940043595,0.0
1417543200000,222.500875035378,0.0
1417546800000,310.556318822721,0.0
1417550400000,321.701306815944,0.0
1417554000000,297.069472696718,0.0
1417557600000,259.029974948142,0.0
1417561200000,219.404720335452,0.0
1417564800000,192.730094236769,0.0
1417568400000,347.124032708663,1.0
1417572000000,124.855832539642,0.0
1417575600000,95.8740528504569,0.0
1417579200000,-127.681623670893,1.0
1417582800000,186.289999284411,0.0
1417586400000,214.705927996717,0.0
1417590000000,299.446435826681,0.0
1417593600000,364.180997352377,0.0
1417597200000,384.066041859875,0.0
1417600800000,393.721262339765,0.0
1417604400000,377.169393487935,0.0
1417608000000,333.645254432461,0.0
1417611600000,286.682676187989,0.0
1417615200000,227.000027539865,0.0
1417618800000,214.062934479381,0.0
1417622400000,256.331521319652,0.0
1417626000000,221.561700392929,0.0
1417629600000,241.997971927436,0.0
1417633200000,280.112541988224,0.0
1417636800000,347.384346886701,0.0
1417640400000,259.891540023283,0.0
1417644000000,274.028926909246,0.0
1417647600000,210.017622834645,0.0
1417651200000,177.58547353143,0.0
1417654800000,103.804569352602,0.0
1417658400000,86.915192095082,0.0
1417662000000,149.869052721089,0.0
1417665600000,85.8597592832079,0.0
1417669200000,185.181903192821,0.0
1417672800000,240.031578817346,0.0
1417676400000,298.212645033678,0.0
1417680000000,384.292548159831,0.0
1417683600000,355.086574045723,0.0
1417687200000,365.319120050791,0.0
1417690800000,341.234665319839,0.0
1417694400000,299.996724388424,0.0
1417698000000,234.560216153994,0.0
1417701600000,226.260163667041,0.0
1417705200000,189.396733412958,0.0
1417708800000,203.204637032198,0.0
1417712400000,183.031663255058,0.0
1417716000000,232.572742441939,0.0
1417719600000,261.074296359874,0.0
1417723200000,294.234168905607,0.0
1417726800000,296.375637901761,0.0
1417730400000,257.43522480958,0.0
1417734000000,443.400398164358,1.0
1417737600000,222.943588932825,0.0
1417741200000,166.059355494971,0.0
1417744800000,101.775675369001,0.0
1417748400000,127.675559906749,0.0
1417752000000,86.2283694735611,0.0
1417755600000,200.042266880048,0.0
1417759200000,271.330011874595,0.0
1417762800000,322.27791474259,0.0
1417766400000,348.798484571453,0.0
1417770000000,395.280447459422,0.0
1417773600000,327.30133376924,0.0
1417777200000,343.530904552258,0.0
1417780800000,332.097883769454,0.0
1417784400000,291.690780829239,0.0
1417788000000,219.512597405941,0.0
1417791600000,224.855214472243,0.0
1417795200000,217.858785192182,0.0
1417798800000,256.007714344975,0.0
1417802400000,272.01098705735,0.0
1417806000000,306.981213958682,0.0
1417809600000,303.432351523677,0.0
1417813200000,325.712768847525,0.0
1417816800000,275.287083363441,0.0
1417820400000,231.997674958306,0.0
1417824000000,198.124826519714,0.0
1417827600000,176.995089965156,0.0
1417831200000,118.325434602296,0.0
1417834800000,139.246069207358,0.0
1417838400000,194.363361600527,0.0
1417842000000,248.342535512291,0.0
1417845600000,319.789008442794,0.0
1417849200000,326.193089615683,0.0
1417852800000,389.023922293792,0.0
1417856400000,428.223479233206,0.0
1417860000000,407.544105155136,0.0
1417863600000,471.759674153695,0.0
1417867200000,384.560567428193,0.0
1417870800000,351.068384419131,0.0
1417874400000,283.657642437862,0.0
1417878000000,254.959826649266,0.0
1417881600000,259.962197122394,0.0
1417885200000,239.289124301524,0.0
1417888800000,296.731671154324,0.0
1417892400000,323.704235100922,0.0
1417896000000,352.131284780244,0.0
1417899600000,371.070462502707,0.0
1417903200000,374.896558452374,0.0
1417906800000,311.664345171022,0.0
1417910400000,269.423203278337,0.0
1417914000000,224.732163912787,0.0
1417917600000,157.398494079421,0.0
1417921200000,171.660010893641,0.0
1417924800000,185.218093784256,0.0
1417928400000,293.660775909297,0.0
1417932000000,314.265381911007,0.0
1417935600000,390.64699072996,0.0
1417939200000,437.281682948707,0.0
1417942800000,463.312967196469,0.0
1417946400000,501.831630619723,0.0
1417950000000,431.476091876985,0.0
1417953600000,411.372153452403,0.0
1417957200000,401.019287236103,0.0
1417960800000,323.312903731569,0.0
1417964400000,326.361316243978,0.0
1417968000000,271.917513453661,0.0
1417971600000,313.801942269059,0.0
1417975200000,328.945120904507,0.0
1417978800000,451.738985505275,0.0
1417982400000,405.003483875299,0.0
1417986000000,420.383940192818,0.0
1417989600000,408.271526408127,0.0
1417993200000,365.04618247001,0.0
1417996800000,333.820263114149,0.0
1418000400000,237.883556435558,0.0
1418004000000,228.700434106235,0.0
1418007600000,250.888720748436,0.0
1418011200000,286.631310028043,0.0
1418014800000,340.171680577186,0.0
1418018400000,355.859792853225,0.0
1418022000000,476.097046524318,0.0
1418025600000,474.563015277755,0.0
1418029200000,550.775618714975,0.0
1418032800000,497.835926490754,0.0
1418036400000,481.527469571383,0.0
1418040000000,490.264182722763,0.0
1418043600000,178.476995046968,1.0
1418047200000,347.95810805969,0.0
1418050800000,308.252303802129,0.0
1418054400000,342.19883761341,0.0
1418058000000,398.600082860367,0.0
1418061600000,388.710403572641,0.0
1418065200000,446.556639074758,0.0
1418068800000,479.672869461842,0.0
1418072400000,533.760860736396,0.0
1418076000000,463.371989095267,0.0
1418079600000,350.233346897401,0.0
1418083200000,289.640508906641,0.0
1418086800000,275.71104065184,0.0
1418090400000,289.976335100797,0.0
1418094000000,307.178884861262,0.0
1418097600000,298.028690029796,0.0
1418101200000,388.559812661816,0.0
1418104800000,442.035566163959,0.0
1418108400000,484.300882289578,0.0
1418112000000,546.148960459146,0.0
1418115600000,566.003365737419,0.0
1418119200000,554.850623782222,0.0
1418122800000,497.877501406263,0.0
1418126400000,520.552954804723,0.0
1418130000000,446.14698063346,0.0
1418133600000,394.129681929734,0.0
1418137200000,389.640342465375,0.0
1418140800000,316.471595179694,0.0
1418144400000,412.54837800534,0.0
1418148000000,395.364084124353,0.0
1418151600000,477.673497248487,0.0
1418155200000,434.481779491903,0.0
1418158800000,492.698393103017,0.0
1418162400000,446.385757633242,0.0
1418166000000,393.723759218212,0.0
1418169600000,350.514221733727,0.0
1418173200000,310.82120217883,0.0
1418176800000,272.212584526076,0.0
1418180400000,73.1318565987455,1.0
1418184000000,289.93607764433,0.0
1418187600000,347.532437688628,0.0
1418191200000,403.026204671324,0.0
1418194800000,488.416594007437,0.0
1418198400000,534.966737652551,0.0
1418202000000,569.402815885704,0.0
1418205600000,579.239572207994,0.0
1418209200000,562.401897004911,0.0
1418212800000,523.616042963397,0.0
1418216400000,410.807668820838,0.0
1418220000000,406.05421531646,0.0
1418223600000,362.407329542564,0.0
1418227200000,387.885868088823,0.0
1418230800000,422.911177597512,0.0
1418234400000,412.136180442838,0.0
1418238000000,415.565866763055,0.0
1418241600000,491.696825771058,0.0
1418245200000,466.232852253844,0.0
1418248800000,483.703892887315,0.0
1418252400000,418.92868562234,0.0
1418256000000,364.819624041136,0.0
1418259600000,326.257991140422,0.0
1418263200000,258.529737089857,0.0
1418266800000,278.248382546923,0.0
1418270400000,300.49680890932,0.0
1418274000000,387.040558961989,0.0
1418277600000,420.879027825029,0.0
1418281200000,451.738323718705,0.0
1418284800000,517.385948487877,0.0
1418288400000,517.278884321352,0.0
1418292000000,575.124434191439,0.0
1418295600000,535.177097574053,0.0
1418299200000,473.794590895407,0.0
1418302800000,424.833802484491,0.0
1418306400000,402.8263736324,0.0
1418310000000,349.596560236489,0.0
1418313600000,407.405216192467,0.0
1418317200000,368.17299697889,0.0
1418320800000,384.290571070671,0.0
1418324400000,441.237932319755,0.0
1418328000000,418.157998577573,0.0
1418331600000,478.433923519341,0.0
1418335200000,465.270026232507,0.0
1418338800000,414.102452981182,0.0
1418342400000,344.627200774774,0.0
1418346000000,289.201016219479,0.0
1418349600000,256.629861034445,0.0
1418353200000,293.317758724663,0.0
1418356800000,308.690847834775,0.0
1418360400000,394.182199360689,0.0
1418364000000,394.183304891194,0.0
1418367600000,501.725746632775,0.0
1418371200000,604.179342207806,0.0
1418374800000,528.268545689829,0.0
1418378400000,532.666384321371,0.0
1418382000000,546.014589842201,0.0
1418385600000,511.555651967922,0.0
1418389200000,466.885807981746,0.0
1418392800000,396.882381429976,0.0
1418396400000,397.720456101544,0.0
1418400000000,368.292287853229,0.0
1418403600000,404.886417892065,0.0
1418407200000,393.668978659372,0.0
1418410800000,501.281406710388,0.0
1418414400000,452.634468205119,0.0
1418418000000,502.321905625513,0.0
1418421600000,497.931897250404,0.0
1418425200000,481.36875102834,0.0
1418428800000,384.011091414358,0.0
1418432400000,341.869122661233,0.0
1418436000000,342.693499925422,0.0
1418439600000,310.193723302289,0.0
1418443200000,360.645946248945,0.0
1418446800000,370.381548520645,0.0
1418450400000,478.713493319764,0.0
1418454000000,547.017646751813,0.0
1418457600000,543.582013436557,0.0
1418461200000,559.460859867643,0.0
1418464800000,617.333572987373,0.0
1418468400000,583.996757285543,0.0
1418472000000,531.841539172893,0.0
1418475600000,483.757256742497,0.0
1418479200000,391.598878583662,0.0
1418482800000,418.120283305532,0.0
1418486400000,434.881193032609,0.0
1418490000000,473.825983460823,0.0
1418493600000,532.543163750526,0.0
1418497200000,543.546905903717,0.0
1418500800000,515.681337825591,0.0
1418504400000,534.813303974767,0.0
1418508000000,518.188382377847,0.0
1418511600000,459.366553601323,0.0
1418515200000,434.932935348075,0.0
1418518800000,398.105733597583,0.0
1418522400000,389.638991384772,0.0
1418526000000,335.370118684167,0.0
1418529600000,359.511215648828,0.0
1418533200000,444.842304746631,0.0
1418536800000,548.969505888899,0.0
1418540400000,556.49721919129,0.0
1418544000000,624.70373809147,0.0
1418547600000,668.805593810684,0.0
1418551200000,661.248783765025,0.0
1418554800000,632.608417862609,0.0
1418558400000,642.164387779948,0.0
1418562000000,547.185352722744,0.0
1418565600000,547.206519521753,0.0
1418569200000,521.694613026862,0.0
1418572800000,437.813516320869,0.0
1418576400000,542.373457120393,0.0
1418580000000,535.287990880213,0.0
1418583600000,539.680719756538,0.0
1418587200000,574.982562460478,0.0
1418590800000,559.076847015049,0.0
1418594400000,515.782338642677,0.0
1418598000000,499.531414230199,0.0
1418601600000,461.818056394815,0.0
1418605200000,472.659771851141,0.0
1418608800000,431.275356997731,0.0
1418612400000,439.998737487121,0.0
1418616000000,466.090867159373,0.0
1418619600000,508.736358426708,0.0
1418623200000,550.74726918333,0.0
1418626800000,615.680054107217,0.0
1418630400000,686.877693375839,0.0
1418634000000,704.078945148752,0.0
1418637600000,691.672807511093,0.0
1418641200000,680.250478601772,0.0
1418644800000,685.940456875481,0.0
1418648400000,591.888884046729,0.0
1418652000000,576.346479139348,0.0
1418655600000,471.098818365448,0.0
1418659200000,512.500180303043,0.0
1418662800000,541.18516285951,0.0
1418666400000,573.523398006519,0.0
1418670000000,613.498575632064,0.0
1418673600000,646.192568536663,0.0
1418677200000,549.861096294536,0.0
1418680800000,552.605634119986,0.0
1418684400000,582.011051520079,0.0
1418688000000,524.818691718732,0.0
1418691600000,451.075268198954,0.0
1418695200000,440.175438292027,0.0
1418698800000,399.414838440662,0.0
1418702400000,485.906807837987,0.0
1418706000000,483.156019357543,0.0
1418709600000,593.82979483226,0.0
1418713200000,652.517121935643,0.0
1418716800000,675.06251094024,0.0
1418720400000,736.124315658405,0.0
1418724000000,646.487593804563,0.0
1418727600000,698.158193784159,0.0
1418731200000,675.578553341891,0.0
1418734800000,676.049142480957,0.0
1418738400000,549.244825603031,0.0
1418742000000,523.34127381635,0.0
1418745600000,517.59467327152,0.0
1418749200000,556.639874151878,0.0
1418752800000,628.706527933813,0.0
1418756400000,583.633127116631,0.0
1418760000000,649.833592374706,0.0
1418763600000,638.161226391898,0.0
1418767200000,682.630038100383,0.0
1418770800000,545.815759294664,0.0
1418774400000,575.078231571809,0.0
1418778000000,494.302857444847,0.0
1418781600000,463.060996111123,0.0
1418785200000,418.659389889341,0.0
1418788800000,483.395254657109,0.0
1418792400000,514.671742635679,0.0
1418796000000,546.960314698141,0.0
1418799600000,679.861440981264,0.0
1418803200000,500.121493678644,1.0
1418806800000,731.757357642272,0.0
1418810400000,704.340952382144,0.0
1418814000000,650.213737203819,0.0
1418817600000,650.788424351531,0.0
1418821200000,611.03794633514,0.0
1418824800000,574.355070943109,0.0
1418828400000,501.353276562473,0.0
1418832000000,566.844140426524,0.0
1418835600000,569.590757096955,0.0
1418839200000,582.536571355368,0.0
1418842800000,561.06469239426,0.0
1418846400000,652.644470997719,0.0
1418850000000,633.079400626667,0.0
1418853600000,591.910803506152,0.0
1418857200000,603.856014109818,0.0
1418860800000,470.774075574698,0.0
1418864400000,473.644750268066,0.0
1418868000000,486.107579398902,0.0
1418871600000,455.421312421713,0.0
1418875200000,443.156790945348,0.0
1418878800000,504.355264124789,0.0
1418882400000,344.073507368765,1.0
1418886000000,665.019323872083,0.0
1418889600000,663.174337027888,0.0
1418893200000,689.931997856775,0.0
1418896800000,764.784691728357,0.0
1418900400000,713.524330206372,0.0
1418904000000,690.135914764488,0.0
1418907600000,599.794204926841,0.0
1418911200000,562.958276831539,0.0
1418914800000,542.004877951986,0.0
1418918400000,466.874321328287,0.0
1418922000000,522.701851028447,0.0
1418925600000,597.175656412764,0.0
1418929200000,626.813387671375,0.0
1418932800000,615.200240461181,0.0
1418936400000,609.840730354398,0.0
1418940000000,642.058815768995,0.0
1418943600000,603.852081118248,0.0
1418947200000,508.551589468467,0.0
1418950800000,517.317307199847,0.0
1418954400000,474.001676400797,0.0
1418958000000,428.662885715348,0.0
1418961600000,463.2612602568,0.0
1418965200000,505.136465632718,0.0
1418968800000,581.515555138032,0.0
1418972400000,649.947869588765,0.0
1418976000000,711.140162368602,0.0
1418979600000,712.833127594571,0.0
1418983200000,707.512735319511,0.0
1418986800000,681.184738834469,0.0
1418990400000,648.711959592509,0.0
1418994000000,621.931023252251,0.0
1418997600000,557.918992920702,0.0
1419001200000,580.758992710884,0.0
1419004800000,552.148256558844,0.0
1419008400000,605.37044938574,0.0
1419012000000,595.640076227677,0.0
1419015600000,715.402535093984,0.0
1419019200000,646.51396677596,0.0
1419022800000,635.300452385532,0.0
1419026400000,669.553543581055,0.0
1419030000000,593.95883013684,0.0
1419033600000,568.822368825038,0.0
1419037200000,520.198766904633,0.0
1419040800000,710.884145612545,1.0
1419044400000,486.548573037537,0.0
1419048000000,515.124342438505,0.0
1419051600000,555.069784339267,0.0
1419055200000,588.344005683872,0.0
1419058800000,724.56531784944,0.0
1419062400000,724.084590815238,0.0
1419066000000,776.41107185328,0.0
1419069600000,781.879990992406,0.0
1419073200000,728.499966155552,0.0
1419076800000,671.366771000279,0.0
1419080400000,658.754082069911,0.0
1419084000000,651.421357131367,0.0
1419087600000,620.960784615823,0.0
1419091200000,568.620511294374,0.0
1419094800000,612.675672880564,0.0
1419098400000,655.027558648939,0.0
1419102000000,706.175720540479,0.0
1419105600000,681.86657314977,0.0
1419109200000,685.663414574812,0.0
1419112800000,650.913592432578,0.0
1419116400000,656.175012688106,0.0
1419120000000,602.671573382308,0.0
1419123600000,473.544632710918,0.0
1419127200000,526.903703924226,0.0
1419130800000,495.956276727253,0.0
1419134400000,550.7623136869,0.0
1419138000000,577.886785606124,0.0
1419141600000,645.863292400331,0.0
1419145200000,776.268372804626,0.0
1419148800000,778.270060732755,0.0
1419152400000,803.954646488064,0.0
1419156000000,850.536787059097,0.0
1419159600000,790.049824378652,0.0
1419163200000,734.640284990726,0.0
1419166800000,640.6320567494,0.0
1419170400000,621.230117406989,0.0
1419174000000,666.92601755567,0.0
1419177600000,603.454290687765,0.0
1419181200000,659.733292386047,0.0
1419184800000,707.954648879404,0.0
1419188400000,752.659770674454,0.0
1419192000000,722.807133149657,0.0
1419195600000,733.423453344155,0.0
1419199200000,720.415790103243,0.0
1419202800000,704.599121822694,0.0
1419206400000,637.954457582003,0.0
1419210000000,586.156298891537,0.0
1419213600000,623.030620805012,0.0
1419217200000,591.779888503737,0.0
1419220800000,622.307710590381,0.0
1419224400000,591.488440523097,0.0
1419228000000,683.804561458751,0.0
1419231600000,758.017380859602,0.0
1419235200000,878.728479707097,0.0
1419238800000,904.060283253305,0.0
1419242400000,858.572921290625,0.0
1419246000000,815.719431440972,0.0
1419249600000,752.948346344991,0.0
1419253200000,737.187036282098,0.0
1419256800000,709.43803645849,0.0
1419260400000,697.333270394704,0.0
1419264000000,647.999309032178,0.0
1419267600000,681.20694487521,0.0
1419271200000,729.042075711366,0.0
1419274800000,761.898617998626,0.0
1419278400000,784.541058446552,0.0
1419282000000,755.599073485952,0.0
1419285600000,755.915888362944,0.0
1419289200000,790.185452149281,0.0
1419292800000,668.472895484662,0.0
1419296400000,635.82585667521,0.0
1419300000000,630.084241088868,0.0
1419303600000,606.554766956814,0.0
1419307200000,632.136139449544,0.0
1419310800000,712.048714051401,0.0
1419314400000,758.124675074674,0.0
1419318000000,828.892495563719,0.0
1419321600000,871.230933266338,0.0
1419325200000,919.564141445039,0.0
1419328800000,883.880291700478,0.0
1419332400000,882.133029717567,0.0
1419336000000,828.429930982147,0.0
1419339600000,756.277034932731,0.0
1419343200000,713.345911707199,0.0
1419346800000,763.096048605417,0.0
1419350400000,698.735403849981,0.0
1419354000000,743.108103587529,0.0
1419357600000,768.670098212405,0.0
1419361200000,764.625992424205,0.0
1419364800000,805.347320443419,0.0
1419368400000,764.810563187042,0.0
1419372000000,767.662141368926,0.0
1419375600000,765.722277790459,0.0
1419379200000,688.915160029882,0.0
1419382800000,683.932003136041,0.0
1419386400000,595.352141909339,0.0
1419390000000,607.415907120243,0.0
1419393600000,651.410487482254,0.0
1419397200000,658.407995956473,0.0
1419400800000,789.23747404166,0.0
1419404400000,821.532227843743,0.0
1419408000000,888.216975391605,0.0
1419411600000,925.914027918698,0.0
1419415200000,873.93590803397,0.0
1419418800000,918.801248861457,0.0
1419422400000,858.788275807762,0.0
1419426000000,739.002528889543,0.0
1419429600000,750.523672394995,0.0
1419433200000,738.604806542088,0.0
1419436800000,680.927108271826,0.0
1419440400000,767.610552015096,0.0
1419444000000,773.415279986563,0.0
1419447600000,790.064646289092,0.0
1419451200000,807.035589745265,0.0
1419454800000,779.136093377423,0.0
1419458400000,774.718863145172,0.0
1419462000000,759.96122892152,0.0
1419465600000,737.811033729808,0.0
1419469200000,668.210104234225,0.0
1419472800000,592.515181377802,0.0
1419476400000,618.517460654876,0.0
1419480000000,637.064131926835,0.0
1419483600000,693.862754074046,0.0
1419487200000,757.900710099574,0.0
1419490800000,830.691371014133,0.0
1419494400000,847.140056804243,0.0
1419498000000,846.396196852889,0.0
1419501600000,896.837501607818,0.0
1419505200000,838.062016356854,0.0
1419508800000,783.716036841644,0.0
1419512400000,735.66627885144,0.0
1419516000000,728.537641669328,0.0
1419519600000,698.883120651169,0.0
1419523200000,727.615985082757,0.0
1419526800000,708.88909571112,0.0
1419530400000,743.226396917692,0.0
1419534000000,776.171597760811,0.0
1419537600000,788.32147792535,0.0
1419541200000,817.435499940014,0.0
1419544800000,753.448395284852,0.0
1419548400000,755.206588808228,0.0
1419552000000,738.912430942479,0.0
1419555600000,606.525883888076,0.0
1419559200000,560.192516956474,0.0
1419562800000,642.291384220177,0.0
1419566400000,687.175035372316,0.0
1419570000000,665.490009820176,0.0
1419573600000,743.365333791691,0.0
1419577200000,852.510840541515,0.0
1419580800000,803.053575163693,0.0
1419584400000,894.745638779525,0.0
1419588000000,895.093524231459,0.0
1419591600000,877.206689521479,0.0
1419595200000,804.85961145724,0.0
1419598800000,770.305492736809,0.0
1419602400000,732.689050583507,0.0
1419606000000,723.418538596996,0.0
1419609600000,715.344270112895,0.0
1419613200000,728.515736436405,0.0
1419616800000,776.642086993039,0.0
1419620400000,789.244335376298,0.0
1419624000000,854.119555229053,0.0
1419627600000,774.265714411415,0.0
1419631200000,781.296179544468,0.0
1419634800000,728.03012940607,0.0
1419638400000,697.795745138416,0.0
1419642000000,678.069496990439,0.0
1419645600000,638.159154078497,0.0
1419649200000,615.908281413895,0.0
1419652800000,691.381113953659,0.0
1419656400000,712.60987380062,0.0
1419660000000,782.398609679217,0.0
1419663600000,904.649784281746,0.0
1419667200000,892.26844898384,0.0
1419670800000,911.750911161615,0.0
1419674400000,943.383059363131,0.0
1419678000000,909.714193705716,0.0
1419681600000,852.97699462173,0.0
1419685200000,821.976030990662,0.0
1419688800000,794.900199301441,0.0
1419692400000,724.380839111365,0.0
1419696000000,793.587209758147,0.0
1419699600000,774.545593861219,0.0
1419703200000,807.816361401358,0.0
1419706800000,856.290607254032,0.0
1419710400000,878.109031470227,0.0
1419714000000,860.811064429533,0.0
1419717600000,834.825735851821,0.0
1419721200000,800.647045078219,0.0
1419724800000,713.871723756177,0.0
1419728400000,683.324117000054,0.0
1419732000000,714.669033299298,0.0
1419735600000,712.155232142429,0.0
1419739200000,717.192513844814,0.0
1419742800000,826.502406667228,0.0
1419746400000,910.828028055945,0.0
1419750000000,922.904248339379,0.0
1419753600000,956.929462152803,0.0
1419757200000,998.2319181217,0.0
1419760800000,979.869626296918,0.0
1419764400000,932.058320946008,0.0
1419768000000,944.994421127536,0.0
1419771600000,899.375338185157,0.0
1419775200000,839.939075749463,0.0
1419778800000,811.601967124592,0.0
1419782400000,756.447813339205,0.0
1419786000000,871.847025162594,0.0
1419789600000,898.561993311032,0.0
1419793200000,931.704894623478,0.0
1419796800000,951.082992479898,0.0
1419800400000,909.993372995004,0.0
1419804000000,891.593173818277,0.0
1419807600000,859.82400566224,0.0
1419811200000,851.190427793203,0.0
1419814800000,749.011204422626,0.0
1419818400000,754.684073839084,0.0
1419822000000,744.746753828469,0.0
1419825600000,805.746571211627,0.0
1419829200000,833.124540746564,0.0
1419832800000,867.29411603974,0.0
1419836400000,923.838078611331,0.0
1419840000000,996.947774078282,0.0
1419843600000,1044.53558772442,0.0
1419847200000,1020.39733264776,0.0
1419850800000,990.772007202816,0.0
1419854400000,957.499871463732,0.0
1419858000000,917.247476151281,0.0
1419861600000,896.480062698184,0.0
1419865200000,825.966288466449,0.0
1419868800000,835.840790939626,0.0
1419872400000,856.966950441075,0.0
1419876000000,900.529135532813,0.0
1419879600000,909.682673186884,0.0
1419883200000,898.014242545894,0.0
1419886800000,957.907573219952,0.0
1419890400000,909.568299517991,0.0
1419894000000,909.410777421861,0.0
1419897600000,826.893887919113,0.0
1419901200000,786.601350504458,0.0
1419904800000,800.690988435019,0.0
1419908400000,778.71412928004,0.0
1419912000000,828.658905617672,0.0
1419915600000,831.742509179891,0.0
1419919200000,968.317173462049,0.0
1419922800000,986.673701139841,0.0
1419926400000,1053.07011030037,0.0
1419930000000,1088.63687299155,0.0
1419933600000,1073.71263432185,0.0
1419937200000,1014.92620709221,0.0
1419940800000,1018.08754518397,0.0
1419944400000,998.645546282261,0.0
1419948000000,875.913844717408,0.0
1419951600000,915.828675987221,0.0
1419955200000,851.959828699522,0.0
1419958800000,919.383116734082,0.0
1419962400000,946.458722289016,0.0
1419966000000,911.787533960169,0.0
1419969600000,952.140923700907,0.0
1419973200000,987.90292436408,0.0
1419976800000,963.469425569411,0.0
1419980400000,918.985063988144,0.0
1419984000000,889.01115817777,0.0
1419987600000,796.870661017665,0.0
1419991200000,1041.15905443806,1.0
1419994800000,766.259452278271,0.0
1419998400000,799.490841219719,0.0
1420002000000,869.095481863009,0.0
1420005600000,909.740712534151,0.0
1420009200000,1002.38708491713,0.0
1420012800000,1055.41896442168,0.0
1420016400000,1070.24551964767,0.0
1420020000000,1099.10938665249,0.0
1420023600000,1010.98315552592,0.0
1420027200000,1019.47921965544,0.0
1420030800000,931.002362152869,0.0
1420034400000,917.378912359841,0.0
1420038000000,866.805166931589,0.0
1420041600000,851.557726551796,0.0
1420045200000,922.892657350981,0.0
1420048800000,944.405263350664,0.0
1420052400000,961.75684252315,0.0
1420056000000,984.634264995018,0.0
1420059600000,943.702178335983,0.0
1420063200000,1014.46688666811,0.0
1420066800000,883.343582771919,0.0
1420070400000,851.484431846429,0.0
1420074000000,818.168662295723,0.0
1420077600000,765.160782864911,0.0
1420081200000,775.096012044775,0.0
1420084800000,818.249019530518,0.0
1420088400000,859.785694582805,0.0
1420092000000,982.799512384715,0.0
1420095600000,1005.75381769866,0.0
1420099200000,1044.46135458544,0.0
1420102800000,1034.09682898148,0.0
1420106400000,1071.75757356376,0.0
1420110000000,1005.36797459122,0.0
1420113600000,1015.07908140471,0.0
1420117200000,921.791514272826,0.0
1420120800000,883.698215418295,0.0
1420124400000,803.187484857322,0.0
1420128000000,830.181139327963,0.0
1420131600000,906.973602674122,0.0
1420135200000,933.676616449173,0.0
1420138800000,966.951502994595,0.0
1420142400000,1009.9433622752,0.0
1420146000000,993.168802546673,0.0
1420149600000,942.412532604219,0.0
1420153200000,919.060667126782,0.0
1420156800000,872.313848229195,0.0
1420160400000,807.201389259231,0.0
1420164000000,824.028782774037,0.0
1420167600000,808.259571098727,0.0
1420171200000,830.872258829669,0.0
1420174800000,842.294646955857,0.0
1420178400000,912.362314164801,0.0
1420182000000,1016.62224497131,0.0
1420185600000,1063.53221720266,0.0
1420189200000,1089.54743131122,0.0
1420192800000,1076.50074918632,0.0
1420196400000,1070.15165228867,0.0
1420200000000,1015.4581094553,0.0
1420203600000,1040.69406112273,0.0
1420207200000,937.302005392874,0.0
1420210800000,874.927213063754,0.0
1420214400000,904.18245032073,0.0
1420218000000,935.781672766377,0.0
1420221600000,951.264845434019,0.0
1420225200000,1009.48784879843,0.0
1420228800000,1052.35965945697,0.0
1420232400000,982.245985655402,0.0
1420236000000,946.470245187411,0.0
1420239600000,897.400795639257,0.0
1420243200000,852.530830885544,0.0
1420246800000,871.877185231207,0.0
1420250400000,822.419569723439,0.0
1420254000000,847.913296141269,0.0
1420257600000,827.932895466926,0.0
1420261200000,907.804868162717,0.0
1420264800000,948.99762934276,0.0
1420268400000,1011.30867395492,0.0
1420272000000,1064.1287439589,0.0
1420275600000,1114.47253652147,0.0
1420279200000,1100.01037099207,0.0
1420282800000,1065.54027163645,0.0
1420286400000,1075.38038036852,0.0
1420290000000,972.174874519255,0.0
1420293600000,982.25548000483,0.0
1420297200000,921.406691938055,0.0
1420300800000,916.447272614855,0.0
1420304400000,966.213309445649,0.0
1420308000000,988.801284423742,0.0
1420311600000,1003.82696572194,0.0
1420315200000,1041.31907391416,0.0
1420318800000,1033.32830773751,0.0
1420322400000,938.700930063659,0.0
1420326000000,946.003179101775,0.0
1420329600000,931.039217479725,0.0
1420333200000,871.350771593218,0.0
1420336800000,839.466331442791,0.0
1420340400000,878.614748065079,0.0
1420344000000,882.39567558698,0.0
1420347600000,979.520137914355,0.0
1420351200000,973.84469798393,0.0
1420354800000,1042.10192088464,0.0
1420358400000,1150.18194389584,0.0
1420362000000,1125.75829055591,0.0
1420365600000,1152.80180934876,0.0
1420369200000,1102.49182524481,0.0
1420372800000,1070.53197921413,0.0
1420376400000,1034.25200055085,0.0
1420380000000,1009.40093381895,0.0
1420383600000,996.146571658741,0.0
1420387200000,1009.58545996036,0.0
1420390800000,1000.31931436078,0.0
1420394400000,1081.73716669418,0.0
1420398000000,1074.2948153709,0.0
1420401600000,1116.14277192038,0.0
1420405200000,1073.98879672819,0.0
1420408800000,1044.6305442581,0.0
1420412400000,972.98387262709,0.0
1420416000000,966.146636258431,0.0
1420419600000,968.490818491905,0.0
1420423200000,898.568416411359,0.0
1420426800000,921.000316377053,0.0
1420430400000,910.412071714667,0.0
1420434000000,995.119690625173,0.0
1420437600000,1037.97956915281,0.0
1420441200000,1125.16739151541,0.0
1420444800000,1137.55606785339,0.0
1420448400000,1212.05983779406,0.0
1420452000000,1181.2714775125,0.0
1420455600000,1164.4430041752,0.0
1420459200000,1200.40587346827,0.0
1420462800000,1071.02792585689,0.0
1420466400000,1039.51685933925,0.0
1420470000000,1019.25953946494,0.0
1420473600000,1074.97951583387,0.0
1420477200000,1046.3597060802,0.0
1420480800000,1113.08781520673,0.0
1420484400000,1123.6022379154,0.0
1420488000000,1126.46598777073,0.0
1420491600000,1160.37978359209,0.0
1420495200000,1092.44065857378,0.0
1420498800000,1056.19597550774,0.0
1420502400000,1032.74224347121,0.0
1420506000000,953.342999325532,0.0
1420509600000,959.815284208578,0.0
1420513200000,866.977811948736,0.0
1420516800000,949.829647377796,0.0
1420520400000,992.670467267607,0.0
1420524000000,1107.74978282285,0.0
1420527600000,1133.39022389085,0.0
1420531200000,1238.22757208189,0.0
1420534800000,1274.0215482024,0.0
1420538400000,1230.23942768369,0.0
1420542000000,1212.05728279545,0.0
1420545600000,1158.3750000636,0.0
1420549200000,1159.12671668886,0.0
1420552800000,1058.96733948775,0.0
1420556400000,1010.78283808028,0.0
1420560000000,1019.10286174013,0.0
1420563600000,1081.65603062756,0.0
1420567200000,1110.67503998625,0.0
1420570800000,1137.87880405175,0.0
1420574400000,1139.29741606667,0.0
1420578000000,1159.97257577771,0.0
1420581600000,1130.83192844417,0.0
1420585200000,1077.61055890145,0.0
1420588800000,1074.64542572064,0.0
1420592400000,979.107261504102,0.0
1420596000000,956.949588822152,0.0
1420599600000,951.002268195833,0.0
1420603200000,977.00417968082,0.0
1420606800000,1025.402545619,0.0
1420610400000,1096.02372522296,0.0
1420614000000,1137.53339245971,0.0
1420617600000,1193.17646488681,0.0
1420621200000,1234.74238563497,0.0
1420624800000,1234.53410747694,0.0
1420628400000,1192.58879877708,0.0
1420632000000,1202.54461382167,0.0
1420635600000,1089.47216902197,0.0
1420639200000,1041.44007358066,0.0
1420642800000,1044.59439916006,0.0
1420646400000,1009.74384778149,0.0
1420650000000,1068.94236322499,0.0
1420653600000,1108.52821766284,0.0
1420657200000,1109.94840462251,0.0
1420660800000,1174.03679534714,0.0
1420664400000,1137.95946965542,0.0
1420668000000,1106.86898789374,0.0
1420671600000,1094.71801234453,0.0
1420675200000,1026.81615696807,0.0
1420678800000,908.756064142814,0.0
1420682400000,965.426058521765,0.0
1420686000000,958.590134025268,0.0
1420689600000,986.062623189276,0.0
1420693200000,1012.50304000122,0.0
1420696800000,1102.45697543478,0.0
1420700400000,1168.30810805327,0.0
1420704000000,1211.94589052553,0.0
1420707600000,1221.29462276372,0.0
1420711200000,1274.61875256765,0.0
1420714800000,1199.74361648339,0.0
1420718400000,1143.10423512929,0.0
1420722000000,1101.69784150838,0.0
1420725600000,1077.60444124135,0.0
1420729200000,1026.88298257363,0.0
1420732800000,1044.66013476145,0.0
1420736400000,1017.36820534181,0.0
1420740000000,1046.63855458291,0.0
1420743600000,1143.31393195202,0.0
1420747200000,1149.67867788233,0.0
1420750800000,1136.99434077838,0.0
1420754400000,1117.68371569085,0.0
1420758000000,1057.64155616598,0.0
1420761600000,1110.27462279499,0.0
1420765200000,1015.90778683766,0.0
1420768800000,961.91287754085,0.0
1420772400000,910.266462271508,0.0
1420776000000,962.315944078908,0.0
1420779600000,1016.27349334462,0.0
1420783200000,1061.02676443643,0.0
1420786800000,1180.59848423243,0.0
1420790400000,1223.42165136416,0.0
1420794000000,1233.76296550101,0.0
1420797600000,1214.1041832949,0.0
1420801200000,1216.82989673507,0.0
1420804800000,1186.59692393771,0.0
1420808400000,1148.15268762352,0.0
1420812000000,1041.38944216314,0.0
1420815600000,1052.61199493564,0.0
1420819200000,1047.24824611731,0.0
1420822800000,1083.20687491241,0.0
1420826400000,1143.98586482707,0.0
1420830000000,1119.224416881,0.0
1420833600000,1157.55370852182,0.0
1420837200000,1157.60918657514,0.0
1420840800000,1119.91447276393,0.0
1420844400000,1144.34479459823,0.0
1420848000000,1055.63925524858,0.0
1420851600000,977.223272226209,0.0
1420855200000,974.916824404636,0.0
1420858800000,1005.23405376309,0.0
1420862400000,1053.83151756492,0.0
1420866000000,1120.16525987119,0.0
1420869600000,1134.70793502457,0.0
1420873200000,1208.06404567858,0.0
1420876800000,1360.5171274201,0.0
1420880400000,1272.69120201756,0.0
1420884000000,1324.64470391304,0.0
1420887600000,1226.72259798567,0.0
1420891200000,1192.53264560828,0.0
1420894800000,1125.12896147666,0.0
1420898400000,1119.66082093432,0.0
1420902000000,1058.7419172017,0.0
1420905600000,1066.94527434785,0.0
1420909200000,1095.91100923122,0.0
1420912800000,1132.61492529844,0.0
1420916400000,1214.75112742561,0.0
1420920000000,1161.5119223983,0.0
1420923600000,1249.67576648534,0.0
1420927200000,1132.67349937498,0.0
1420930800000,1167.38877128468,0.0
1420934400000,1062.79295998827,0.0
1420938000000,1021.96613221533,0.0
1420941600000,1016.75436967598,0.0
1420945200000,1018.39513114449,0.0
1420948800000,1089.57211281945,0.0
1420952400000,1107.22398080031,0.0
1420956000000,1172.28705580453,0.0
1420959600000,1223.57853927977,0.0
1420963200000,1364.98789677445,0.0
1420966800000,1293.78025633506,0.0
1420970400000,1310.59399121511,0.0
1420974000000,1383.19467129155,0.0
1420977600000,1291.53837544198,0.0
1420981200000,1179.51247853828,0.0
1420984800000,1164.36956439195,0.0
1420988400000,1173.30336960816,0.0
1420992000000,1161.012172038,0.0
1420995600000,1168.67640526325,0.0
1420999200000,1210.07157082298,0.0
1421002800000,1236.25942645949,0.0
1421006400000,1296.52850118236,0.0
1421010000000,1229.17057206376,0.0
1421013600000,1234.50834891066,0.0
1421017200000,1177.18639653167,0.0
1421020800000,1129.9186300566,0.0
1421024400000,1122.23702683911,0.0
1421028000000,1100.96672579894,0.0
1421031600000,1098.23443663192,0.0
1421035200000,1103.92727765784,0.0
1421038800000,1193.589834566,0.0
1421042400000,1247.54737504819,0.0
1421046000000,1289.82134059067,0.0
1421049600000,1372.5855931747,0.0
1421053200000,1379.06979348385,0.0
1421056800000,1384.67684385556,0.0
1421060400000,1368.61786365996,0.0
1421064000000,1319.51802078703,0.0
1421067600000,1251.32887744794,0.0
1421071200000,1179.91797882526,0.0
1421074800000,1183.32102314521,0.0
1421078400000,1211.13745688163,0.0
1421082000000,1223.47533077307,0.0
1421085600000,1249.29307937253,0.0
1421089200000,1298.91715581886,0.0
1421092800000,1314.19679904168,0.0
1421096400000,1248.04391643887,0.0
1421100000000,1301.06557653736,0.0
1421103600000,1227.34248867733,0.0
1421107200000,1154.30023533221,0.0
1421110800000,1156.73695533465,0.0
1421114400000,1098.52022056927,0.0
1421118000000,1123.55914696423,0.0
1421121600000,1124.42275323748,0.0
1421125200000,1180.14720540793,0.0
1421128800000,1270.55033830723,0.0
1421132400000,1350.71321541457,0.0
1421136000000,1335.07787654688,0.0
1421139600000,1383.8644700436,0.0
1421143200000,1389.30947722244,0.0
1421146800000,1372.10361321865,0.0
1421150400000,1300.50450365723,0.0
1421154000000,1222.94204980084,0.0
1421157600000,1259.35198573783,0.0
1421161200000,1202.15057337428,0.0
1421164800000,1215.54137949329,0.0
1421168400000,1246.29507086179,0.0
1421172000000,1251.37515414788,0.0
1421175600000,1283.98781656556,0.0
1421179200000,1316.70756242336,0.0
1421182800000,1341.57060769748,0.0
1421186400000,1345.80962473911,0.0
1421190000000,1181.88180963825,0.0
1421193600000,1165.88448125724,0.0
1421197200000,1123.13470201238,0.0
1421200800000,1101.46062464379,0.0
1421204400000,1138.37695978614,0.0
1421208000000,1157.82460417611,0.0
1421211600000,1201.15281204986,0.0
1421215200000,1254.78260178979,0.0
1421218800000,1317.06718958799,0.0
1421222400000,1355.38298413906,0.0
1421226000000,1420.6792840822,0.0
1421229600000,1423.79767607137,0.0
1421233200000,1396.71822212555,0.0
1421236800000,1306.59012226903,0.0
1421240400000,1300.65075186442,0.0
1421244000000,1249.28391045949,0.0
1421247600000,1245.53625689286,0.0
1421251200000,1248.38543169176,0.0
1421254800000,1217.20147785715,0.0
1421258400000,1225.25647069863,0.0
1421262000000,1285.78305568635,0.0
1421265600000,1299.90333926182,0.0
1421269200000,1328.37470042199,0.0
1421272800000,1235.62717293165,0.0
1421276400000,1265.58932532985,0.0
1421280000000,1198.10177378734,0.0
1421283600000,1177.49383608851,0.0
1421287200000,1102.07758681794,0.0
1421290800000,1135.4449917466,0.0
1421294400000,1131.16664409658,0.0
1421298000000,1219.3309836807,0.0
1421301600000,1299.38326596287,0.0
1421305200000,1303.06608878901,0.0
1421308800000,1366.59031584987,0.0
1421312400000,1407.27716694794,0.0
1421316000000,1421.91686281302,0.0
1421319600000,1371.63898153634,0.0
1421323200000,1342.92116321935,0.0
1421326800000,1265.79867564642,0.0
1421330400000,1243.58279810991,0.0
1421334000000,1186.91306126018,0.0
1421337600000,1208.90932041895,0.0
1421341200000,1252.73675972789,0.0
1421344800000,1242.22630521203,0.0
1421348400000,1308.30377096498,0.0
1421352000000,1350.04846840707,0.0
1421355600000,1325.15265763567,0.0
1421359200000,1265.73655285298,0.0
1421362800000,1227.38483606785,0.0
1421366400000,1234.79440582422,0.0
1421370000000,1151.85093384991,0.0
1421373600000,1078.41792858527,0.0
1421377200000,1185.14283799096,0.0
1421380800000,1151.81852244541,0.0
1421384400000,1196.16388556485,0.0
1421388000000,1258.00894858733,0.0
1421391600000,1333.80666727631,0.0
1421395200000,1392.37683230393,0.0
1421398800000,1374.72228569631,0.0
1421402400000,1393.372497853,0.0
1421406000000,1371.32378054207,0.0
1421409600000,1301.83028597559,0.0
1421413200000,1263.32795455399,0.0
1421416800000,1212.03577909116,0.0
1421420400000,1239.69127975263,0.0
1421424000000,1223.11730722539,0.0
1421427600000,1274.06787933838,0.0
1421431200000,1221.52905190582,0.0
1421434800000,1295.7759012531,0.0
1421438400000,1324.53282441691,0.0
1421442000000,1336.33013915344,0.0
1421445600000,1295.97606316733,0.0
1421449200000,1298.64839096986,0.0
1421452800000,1229.74907712154,0.0
1421456400000,1150.39601006176,0.0
1421460000000,1152.89889512676,0.0
1421463600000,1172.78084105349,0.0
1421467200000,1177.84119268097,0.0
1421470800000,1207.21312230833,0.0
1421474400000,1255.8745946078,0.0
1421478000000,1404.44738927251,0.0
1421481600000,1438.86018744429,0.0
1421485200000,1415.05562002071,0.0
1421488800000,1428.75713018414,0.0
1421492400000,1412.3808867985,0.0
1421496000000,1379.71927038948,0.0
1421499600000,1356.06631606513,0.0
1421503200000,1303.39523926862,0.0
1421506800000,1260.06384442387,0.0
1421510400000,1228.54002565727,0.0
1421514000000,1310.60286482829,0.0
1421517600000,1365.8045005482,0.0
1421521200000,1358.41757132087,0.0
1421524800000,1364.49641344928,0.0
1421528400000,1322.50748891868,0.0
1421532000000,1389.39414013035,0.0
1421535600000,1310.00708121282,0.0
1421539200000,1028.54598211049,1.0
1421542800000,1233.32069001872,0.0
1421546400000,1165.44188664884,0.0
1421550000000,1224.75303890614,0.0
1421553600000,1260.04200993044,0.0
1421557200000,1257.44592977203,0.0
1421560800000,1311.46523850054,0.0
1421564400000,1399.62908057591,0.0
1421568000000,1449.41475539147,0.0
1421571600000,1437.59559979234,0.0
1421575200000,1455.38618572213,0.0
1421578800000,1485.99077507284,0.0
1421582400000,1414.5795869872,0.0
1421586000000,1359.30317521782,0.0
1421589600000,1327.162000051,0.0
1421593200000,1308.78369420456,0.0
1421596800000,1322.84825964622,0.0
1421600400000,1362.36572711711,0.0
1421604000000,1342.1990861907,0.0
1421607600000,1423.65766811662,0.0
1421611200000,1462.61709566856,0.0
1421614800000,1390.6248391319,0.0
1421618400000,1438.96192074694,0.0
1421622000000,1393.73937546339,0.0
1421625600000,1318.34625479803,0.0
1421629200000,1265.25100338843,0.0
1421632800000,1246.53982259845,0.0
1421636400000,1258.43239102838,0.0
1421640000000,1246.29309033283,0.0
1421643600000,1320.48688642798,0.0
1421647200000,1410.3524378835,0.0
1421650800000,1473.23015989131,0.0
1421654400000,1508.80431524959,0.0
1421658000000,1560.00188242462,0.0
1421661600000,1530.98593400797,0.0
1421665200000,1527.08256865822,0.0
1421668800000,1453.46755355557,0.0
1421672400000,1463.52782199303,0.0
1421676000000,1347.75067870215,0.0
1421679600000,1321.07364134974,0.0
1421683200000,1370.92233913898,0.0
1421686800000,1400.25832730819,0.0
1421690400000,1405.91798833171,0.0
1421694000000,1455.29935778163,0.0
1421697600000,1385.34185155898,0.0
1421701200000,1393.79670303173,0.0
1421704800000,1451.97695177163,0.0
1421708400000,1393.60722567406,0.0
1421712000000,1337.33300014669,0.0
1421715600000,1321.93189801916,0.0
1421719200000,1230.29234791251,0.0
1421722800000,1262.90296423399,0.0
1421726400000,1322.16304542825,0.0
1421730000000,1338.11140603662,0.0
1421733600000,1397.46098693275,0.0
1421737200000,1503.00828929992,0.0
1421740800000,1495.98635843632,0.0
1421744400000,1607.770865978,0.0
1421748000000,1585.82575354892,0.0
1421751600000,1519.53369721312,0.0
1421755200000,1488.54963416762,0.0
1421758800000,1464.44517303171,0.0
1421762400000,1402.03638141292,0.0
1421766000000,1395.59784005075,0.0
1421769600000,1332.58629143637,0.0
1421773200000,1423.93484118235,0.0
1421776800000,1445.44325837003,0.0
1421780400000,1462.08970200104,0.0
1421784000000,1520.81992821206,0.0
1421787600000,1499.37326725143,0.0
1421791200000,1476.92149190706,0.0
1421794800000,1346.35779404173,0.0
1421798400000,1321.88226498464,0.0
1421802000000,1305.92041299878,0.0
1421805600000,1341.68024967539,0.0
1421809200000,1303.09158814352,0.0
1421812800000,1282.10794523913,0.0
1421816400000,1346.26959068333,0.0
1421820000000,1413.93598073597,0.0
1421823600000,1500.65284002986,0.0
1421827200000,1501.82561237631,0.0
1421830800000,1611.6848912487,0.0
1421834400000,1596.4621402359,0.0
1421838000000,1506.51733694935,0.0
1421841600000,1539.57915838251,0.0
1421845200000,1456.6855348265,0.0
1421848800000,1398.35855248624,0.0
1421852400000,1323.29671974822,0.0
1421856000000,1403.5531470634,0.0
1421859600000,1391.39590962424,0.0
1421863200000,1454.56553653179,0.0
1421866800000,1494.48420014718,0.0
1421870400000,1441.29206787721,0.0
1421874000000,1475.13104298652,0.0
1421877600000,1420.11145269893,0.0
1421881200000,1459.27960054411,0.0
1421884800000,1349.10559729745,0.0
1421888400000,1330.20561578775,0.0
1421892000000,1292.60786218283,0.0
1421895600000,1291.23204595009,0.0
1421899200000,1330.74026580983,0.0
1421902800000,1334.59843062224,0.0
1421906400000,1218.14159376995,1.0
1421910000000,1487.54103802221,0.0
1421913600000,1502.75432193764,0.0
1421917200000,1559.67993068798,0.0
1421920800000,1579.68243386007,0.0
1421924400000,1568.76278513784,0.0
1421928000000,1494.9123317051,0.0
1421931600000,1449.00058468435,0.0
1421935200000,1408.22451287182,0.0
1421938800000,1391.02580547273,0.0
1421942400000,1338.96758933316,0.0
1421946000000,1435.3352563262,0.0
1421949600000,1466.27053029911,0.0
1421953200000,1480.22535649063,0.0
1421956800000,1482.33181229489,0.0
1421960400000,1468.95109831115,0.0
1421964000000,1434.08332273026,0.0
1421967600000,1394.29837367181,0.0
1421971200000,1355.83735149146,0.0
1421974800000,1299.17545674567,0.0
1421978400000,1305.24527023642,0.0
1421982000000,1301.18939512032,0.0
1421985600000,1346.69822373715,0.0
1421989200000,1425.5583494522,0.0
1421992800000,1410.14320167764,0.0
1421996400000,1518.14673776544,0.0
1422000000000,1496.4319879777,0.0
1422003600000,1582.13116691128,0.0
1422007200000,1554.49959361878,0.0
1422010800000,1607.62852611601,0.0
1422014400000,1494.84069893765,0.0
1422018000000,1467.53169226124,0.0
1422021600000,1428.16977335243,0.0
1422025200000,1401.77785209409,0.0
1422028800000,1424.77917034143,0.0
1422032400000,1187.96484974404,1.0
1422036000000,1492.83692003685,0.0
1422039600000,1460.41791875444,0.0
1422043200000,1474.73016835858,0.0
1422046800000,1479.85947168668,0.0
1422050400000,1462.77319133898,0.0
1422054000000,1408.96701098644,0.0
1422057600000,1400.74617053399,0.0
1422061200000,1353.32000713607,0.0
1422064800000,1294.05413736384,0.0
1422068400000,1316.2064987338,0.0
1422072000000,1306.2454766561,0.0
1422075600000,1402.97203264662,0.0
1422079200000,1452.31231079225,0.0
1422082800000,1534.62284734037,0.0
1422086400000,1515.9066978563,0.0
1422090000000,1651.00094538638,0.0
1422093600000,1583.30057701257,0.0
1422097200000,1572.28973211861,0.0
1422100800000,1534.95042733447,0.0
1422104400000,1494.7087760816,0.0
1422108000000,1489.76256412999,0.0
1422111600000,1415.1619867356,0.0
1422115200000,1449.56595958824,0.0
1422118800000,1452.5760722447,0.0
1422122400000,1465.53300897989,0.0
1422126000000,1461.7627108855,0.0
1422129600000,1545.76972793152,0.0
1422133200000,1597.05946743003,0.0
1422136800000,1538.74029822369,0.0
1422140400000,1489.1337509128,0.0
1422144000000,1427.52819015612,0.0
1422147600000,1438.88701299896,0.0
1422151200000,1399.29998242033,0.0
1422154800000,1361.40147360783,0.0
1422158400000,1379.73693086684,0.0
1422162000000,1481.20402017032,0.0
1422165600000,1466.46889766967,0.0
1422169200000,1606.19315019697,0.0
1422172800000,1656.98171501546,0.0
1422176400000,1624.26677848086,0.0
1422180000000,1657.54175385988,0.0
1422183600000,1622.16256766487,0.0
1422187200000,1564.76515699453,0.0
1422190800000,1507.84006675521,0.0
1422194400000,1515.33547062844,0.0
1422198000000,1485.13262111654,0.0
1422201600000,1491.22636609979,0.0
1422205200000,1534.38591020858,0.0
1422208800000,1521.4597498502,0.0
1422212400000,1562.9924146019,0.0
1422216000000,1547.82915797992,0.0
1422219600000,1587.52812709764,0.0
1422223200000,1550.82675703315,0.0
1422226800000,1554.34285361894,0.0
1422230400000,1554.86119911097,0.0
1422234000000,1504.50798328406,0.0
1422237600000,1423.40645421579,0.0
1422241200000,1359.23482614172,0.0
1422244800000,1473.53867660426,0.0
1422248400000,1489.50844964631,0.0
1422252000000,1578.35528895269,0.0
1422255600000,1608.95341559906,0.0
1422259200000,1651.70215984574,0.0
1422262800000,1729.23718023884,0.0
1422266400000,1666.08020357459,0.0
1422270000000,1707.21066863454,0.0
1422273600000,1693.77504400202,0.0
1422277200000,1659.52052048193,0.0
1422280800000,1603.88964267543,0.0
1422284400000,1488.05493195265,0.0
1422288000000,1577.32353456152,0.0
1422291600000,1512.49716562704,0.0
1422295200000,1592.83657528678,0.0
1422298800000,1600.26190707504,0.0
1422302400000,1624.64072269179,0.0
1422306000000,1661.03099726947,0.0
1422309600000,1607.44662002358,0.0
1422313200000,1548.21740185179,0.0
1422316800000,1582.40169916532,0.0
1422320400000,1519.54259854169,0.0
1422324000000,1468.4608648075,0.0
1422327600000,1472.05211775734,0.0
1422331200000,1501.5302395066,0.0
1422334800000,1563.19219080933,0.0
1422338400000,1652.60390185493,0.0
1422342000000,1675.03370423975,0.0
1422345600000,1711.37799803371,0.0
1422349200000,1731.60797134993,0.0
1422352800000,1739.45777630686,0.0
1422356400000,1689.61676170383,0.0
1422360000000,1662.82304826589,0.0
1422363600000,1625.78777669844,0.0
1422367200000,1567.21925183086,0.0
1422370800000,1520.79622812907,0.0
1422374400000,1566.98007859008,0.0
1422378000000,1560.22391559064,0.0
1422381600000,1598.68829642596,0.0
1422385200000,1586.38714193496,0.0
1422388800000,1624.1982847364,0.0
1422392400000,1655.76246950088,0.0
1422396000000,1624.63450703329,0.0
1422399600000,1582.3430241929,0.0
1422403200000,1578.87563271855,0.0
1422406800000,1499.1227923337,0.0
1422410400000,1492.26053429098,0.0
1422414000000,1456.48797804785,0.0
1422417600000,1460.96549439439,0.0
1422421200000,1474.42472506953,0.0
1422424800000,1570.62104333201,0.0
1422428400000,1645.26169419725,0.0
1422432000000,1968.7390097375,1.0
1422435600000,1775.92353662408,0.0
1422439200000,1687.27755144258,0.0
1422442800000,1671.59146055768,0.0
1422446400000,1664.64932916867,0.0
1422450000000,1654.4275505891,0.0
1422453600000,1589.38853744666,0.0
1422457200000,1555.19384473311,0.0
1422460800000,1586.66125342319,0.0
1422464400000,1577.40955906746,0.0
1422468000000,1611.42469724123,0.0
1422471600000,1601.31829313311,0.0
1422475200000,1640.99358010704,0.0
1422478800000,1651.86265566031,0.0
1422482400000,1627.28986507212,0.0
1422486000000,1569.55626679788,0.0
1422489600000,1540.82577878244,0.0
1422493200000,1475.31357659154,0.0
1422496800000,1466.22172958891,0.0
1422500400000,1434.41784261503,0.0
1422504000000,1513.17764389197,0.0
1422507600000,1503.52700033777,0.0
1422511200000,1591.75012247488,0.0
1422514800000,1614.68402804901,0.0
1422518400000,1738.43266312431,0.0
1422522000000,1701.96515618616,0.0
1422525600000,1714.58561908864,0.0
1422529200000,1697.95593804236,0.0
1422532800000,1650.44078241505,0.0
1422536400000,1612.5359205398,0.0
1422540000000,1579.06293548194,0.0
1422543600000,1595.70130500204,0.0
1422547200000,1521.96633701202,0.0
1422550800000,1580.60855096832,0.0
1422554400000,1583.76172046764,0.0
1422558000000,1616.65773073493,0.0
1422561600000,1713.26396801552,0.0
1422565200000,1614.01449423091,0.0
1422568800000,1674.88087409577,0.0
1422572400000,1576.34640452369,0.0
1422576000000,1503.82053559382,0.0
1422579600000,1519.1152998778,0.0
1422583200000,1477.29010135115,0.0
1422586800000,1410.94423267293,0.0
1422590400000,1439.28441501233,0.0
1422594000000,1543.249365298,0.0
1422597600000,1605.23334700242,0.0
1422601200000,1690.49134062897,0.0
1422604800000,1728.42712537043,0.0
1422608400000,1769.05137880713,0.0
1422612000000,1709.88935490465,0.0
1422615600000,1722.29428804765,0.0
1422619200000,1451.68624202789,1.0
1422622800000,1592.54789157245,0.0
1422626400000,1575.86699416602,0.0
1422630000000,1528.02344293165,0.0
1422633600000,1589.88036627882,0.0
1422637200000,1538.57572131217,0.0
1422640800000,1616.4353090763,0.0
1422644400000,1602.5247528477,0.0
1422648000000,1712.22653962528,0.0
1422651600000,1624.56544537428,0.0
1422655200000,1671.22149192345,0.0
1422658800000,1598.76463586446,0.0
1422662400000,1551.98171073204,0.0
1422666000000,1553.20141932849,0.0
1422669600000,1490.84933649512,0.0
1422673200000,1498.82686420625,0.0
1422676800000,1508.72849597245,0.0
1422680400000,1559.15569873048,0.0
1422684000000,1614.84851273609,0.0
1422687600000,1718.5539272661,0.0
1422691200000,1772.88506727492,0.0
1422694800000,1767.45844149202,0.0
1422698400000,1813.43313603116,0.0
1422702000000,1731.50821266212,0.0
1422705600000,1719.52501342753,0.0
1422709200000,1692.70077190833,0.0
1422712800000,1586.19519955741,0.0
1422716400000,1590.99696144717,0.0
1422720000000,1630.01416860689,0.0
1422723600000,1654.47591631543,0.0
1422727200000,1577.12074748066,0.0
1422730800000,1699.57540159678,0.0
1422734400000,1737.38763621826,0.0
1422738000000,1693.95360517725,0.0
1422741600000,1702.96559328173,0.0
1422745200000,1678.52576562735,0.0
1422748800000,1593.7277126005,0.0
1422752400000,1551.73553619478,0.0
1422756000000,1549.5440991968,0.0
1422759600000,1570.34722303501,0.0
1422763200000,1518.2032510403,0.0
1422766800000,1639.33067841249,0.0
